emoji,name,keywords,category,unicode
ğŸ˜€,grinning face,happy;smile;grin;joy,Smileys & People,U+1F600
ğŸ˜ƒ,grinning face with big eyes,happy;smile;grin;joy;excited,Smileys & People,U+1F603
ğŸ˜„,grinning face with smiling eyes,happy;smile;grin;joy;laugh,Smileys & People,U+1F604
ğŸ˜,beaming face with smiling eyes,happy;smile;grin;joy;beam,Smileys & People,U+1F601
ğŸ˜†,grinning squinting face,happy;smile;laugh;joy;squint,Smileys & People,U+1F606
ğŸ˜…,grinning face with sweat,happy;smile;sweat;relief;phew,Smileys & People,U+1F605
ğŸ¤£,rolling on the floor laughing,laugh;rofl;funny;hilarious,Smileys & People,U+1F923
ğŸ˜‚,face with tears of joy,laugh;cry;tears;joy;funny;lol,Smileys & People,U+1F602
ğŸ™‚,slightly smiling face,smile;happy;content,Smileys & People,U+1F642
ğŸ™ƒ,upside-down face,silly;sarcastic;upside down,Smileys & People,U+1F643
ğŸ« ,melting face,melt;hot;embarrassed;disappear,Smileys & People,U+1FAE0
ğŸ˜Š,smiling face with smiling eyes,happy;smile;blush;pleased,Smileys & People,U+1F60A
ğŸ˜‡,smiling face with halo,angel;innocent;halo;good,Smileys & People,U+1F607
ğŸ¥°,smiling face with hearts,love;heart;affection;cute,Smileys & People,U+1F970
ğŸ˜,smiling face with heart-eyes,love;heart;crush;adore,Smileys & People,U+1F60D
ğŸ¤©,star-struck,star;amazed;excited;celebrity,Smileys & People,U+1F929
ğŸ˜˜,face blowing a kiss,kiss;love;romance,Smileys & People,U+1F618
ğŸ˜—,kissing face,kiss;love;romance,Smileys & People,U+1F617
â˜ºï¸,smiling face,smile;happy;content;blush,Smileys & People,U+263A U+FE0F
ğŸ˜š,kissing face with closed eyes,kiss;love;romance;peaceful,Smileys & People,U+1F61A
ğŸ˜™,kissing face with smiling eyes,kiss;love;romance;happy,Smileys & People,U+1F619
ğŸ¥²,smiling face with tear,proud;grateful;touched;relieved,Smileys & People,U+1F972
ğŸ˜‹,face savoring food,yum;delicious;food;tasty,Smileys & People,U+1F60B
ğŸ˜›,face with tongue,tongue;silly;playful,Smileys & People,U+1F61B
ğŸ˜œ,winking face with tongue,tongue;wink;silly;playful,Smileys & People,U+1F61C
ğŸ¤ª,zany face,crazy;wild;silly;goofy,Smileys & People,U+1F92A
ğŸ˜,squinting face with tongue,tongue;silly;playful;tease,Smileys & People,U+1F61D
ğŸ¤‘,money-mouth face,money;rich;dollar;cash,Smileys & People,U+1F911
ğŸ¤—,smiling face with open hands,hug;embrace;love,Smileys & People,U+1F917
ğŸ¤­,face with hand over mouth,oops;surprise;giggle,Smileys & People,U+1F92D
ğŸ«¢,face with open eyes and hand over mouth,gasp;shock;surprise,Smileys & People,U+1FAE2
ğŸ«£,face with peeking eye,peek;shy;embarrassed,Smileys & People,U+1FAE3
ğŸ¤«,shushing face,quiet;shush;secret,Smileys & People,U+1F92B
ğŸ¤”,thinking face,think;ponder;consider,Smileys & People,U+1F914
ğŸ«¡,saluting face,salute;respect;military,Smileys & People,U+1FAE1
ğŸ¤,zipper-mouth face,quiet;secret;zip,Smileys & People,U+1F910
ğŸ¤¨,face with raised eyebrow,suspicious;skeptical;questioning,Smileys & People,U+1F928
ğŸ˜,neutral face,neutral;blank;meh,Smileys & People,U+1F610
ğŸ˜‘,expressionless face,blank;deadpan;meh,Smileys & People,U+1F611
ğŸ˜¶,face without mouth,speechless;silent;mute,Smileys & People,U+1F636
ğŸ«¥,dotted line face,invisible;depressed;disappear,Smileys & People,U+1FAE5
ğŸ˜,smirking face,smirk;sly;mischievous,Smileys & People,U+1F60F
ğŸ˜’,unamused face,annoyed;bored;unimpressed,Smileys & People,U+1F612
ğŸ™„,face with rolling eyes,eye roll;annoyed;whatever,Smileys & People,U+1F644
ğŸ˜¬,grimacing face,grimace;awkward;oops,Smileys & People,U+1F62C
ğŸ˜®â€ğŸ’¨,face exhaling,sigh;relief;tired,Smileys & People,U+1F62E U+200D U+1F4A8
ğŸ¤¥,lying face,lie;liar;pinocchio,Smileys & People,U+1F925
ğŸ«¨,shaking face,shake;shock;earthquake,Smileys & People,U+1FAE8
ğŸ™‚â€â†”ï¸,head shaking horizontally,no;nope;disagree,Smileys & People,U+1F642 U+200D U+2194 U+FE0F
ğŸ™‚â€â†•ï¸,head shaking vertically,yes;nod;agree,Smileys & People,U+1F642 U+200D U+2195 U+FE0F
ğŸ˜Œ,relieved face,relief;calm;peaceful,Smileys & People,U+1F60C
ğŸ˜”,pensive face,sad;thoughtful;pensive,Smileys & People,U+1F614
ğŸ˜ª,sleepy face,sleepy;tired;drowsy,Smileys & People,U+1F62A
ğŸ¤¤,drooling face,drool;hungry;desire,Smileys & People,U+1F924
ğŸ˜´,sleeping face,sleep;tired;zzz,Smileys & People,U+1F634
ğŸ˜·,face with medical mask,mask;sick;doctor,Smileys & People,U+1F637
ğŸ¤’,face with thermometer,sick;fever;ill,Smileys & People,U+1F912
ğŸ¤•,face with head-bandage,hurt;injured;bandage,Smileys & People,U+1F915
ğŸ¤¢,nauseated face,sick;nausea;gross,Smileys & People,U+1F922
ğŸ¤®,face vomiting,vomit;sick;puke,Smileys & People,U+1F92E
ğŸ¤§,sneezing face,sneeze;sick;achoo,Smileys & People,U+1F927
ğŸ¥µ,hot face,hot;heat;sweat,Smileys & People,U+1F975
ğŸ¥¶,cold face,cold;freezing;frozen,Smileys & People,U+1F976
ğŸ¥´,woozy face,dizzy;drunk;woozy,Smileys & People,U+1F974
ğŸ˜µ,face with crossed-out eyes,dizzy;confused;knocked out,Smileys & People,U+1F635
ğŸ˜µâ€ğŸ’«,face with spiral eyes,dizzy;hypnotized;trouble,Smileys & People,U+1F635 U+200D U+1F4AB
ğŸ¤¯,exploding head,mind blown;shocked;amazed,Smileys & People,U+1F92F
ğŸ¤ ,cowboy hat face,cowboy;hat;western,Smileys & People,U+1F920
ğŸ¥³,partying face,party;celebration;birthday;fun,Smileys & People,U+1F973
ğŸ¥¸,disguised face,disguise;incognito;secret,Smileys & People,U+1F978
ğŸ˜,smiling face with sunglasses,cool;sunglasses;awesome,Smileys & People,U+1F60E
ğŸ¤“,nerd face,nerd;geek;smart;glasses,Smileys & People,U+1F913
ğŸ§,face with monocle,fancy;sophisticated;curious,Smileys & People,U+1F9D0
ğŸ˜•,confused face,confused;puzzled;uncertain,Smileys & People,U+1F615
ğŸ«¤,face with diagonal mouth,meh;unsure;skeptical,Smileys & People,U+1FAE4
ğŸ˜Ÿ,worried face,worried;concerned;anxious,Smileys & People,U+1F61F
ğŸ™,slightly frowning face,sad;frown;disappointed,Smileys & People,U+1F641
â˜¹ï¸,frowning face,sad;frown;unhappy,Smileys & People,U+2639 U+FE0F
ğŸ˜®,face with open mouth,surprised;wow;amazed,Smileys & People,U+1F62E
ğŸ˜¯,hushed face,surprised;quiet;hushed,Smileys & People,U+1F62F
ğŸ˜²,astonished face,astonished;amazed;wow,Smileys & People,U+1F632
ğŸ˜³,flushed face,embarrassed;shy;flushed,Smileys & People,U+1F633
ğŸ¥º,pleading face,pleading;puppy eyes;cute;beg,Smileys & People,U+1F97A
ğŸ¥¹,face holding back tears,proud;resist;gratitude,Smileys & People,U+1F979
ğŸ˜¦,frowning face with open mouth,surprised;frown;concerned,Smileys & People,U+1F626
ğŸ˜§,anguished face,anguish;pain;distress,Smileys & People,U+1F627
ğŸ˜¨,fearful face,scared;fear;afraid,Smileys & People,U+1F628
ğŸ˜°,anxious face with sweat,anxious;nervous;sweat,Smileys & People,U+1F630
ğŸ˜¥,sad but relieved face,sad;relief;disappointed,Smileys & People,U+1F625
ğŸ˜¢,crying face,cry;sad;tears,Smileys & People,U+1F622
ğŸ˜­,loudly crying face,cry;sob;tears;bawl,Smileys & People,U+1F62D
ğŸ˜±,face screaming in fear,scared;fear;scream,Smileys & People,U+1F631
ğŸ˜–,confounded face,frustrated;confounded;upset,Smileys & People,U+1F616
ğŸ˜£,persevering face,struggle;persevere;effort,Smileys & People,U+1F623
ğŸ˜,disappointed face,sad;disappointed;upset,Smileys & People,U+1F61E
ğŸ˜“,downcast face with sweat,sad;sweat;tired,Smileys & People,U+1F613
ğŸ˜©,weary face,tired;weary;exhausted,Smileys & People,U+1F629
ğŸ˜«,tired face,tired;exhausted;weary,Smileys & People,U+1F62B
ğŸ¥±,yawning face,yawn;tired;sleepy,Smileys & People,U+1F971
ğŸ˜¤,face with steam from nose,angry;frustrated;steam,Smileys & People,U+1F624
ğŸ˜¡,enraged face,angry;mad;rage;furious,Smileys & People,U+1F621
ğŸ˜ ,angry face,angry;mad;upset,Smileys & People,U+1F620
ğŸ¤¬,face with symbols on mouth,swearing;cursing;angry,Smileys & People,U+1F92C
ğŸ‘¿,angry face with horns,devil;angry;evil,Smileys & People,U+1F47F
ğŸ’€,skull,death;dead;skull,Smileys & People,U+1F480
â˜ ï¸,skull and crossbones,death;danger;poison,Smileys & People,U+2620 U+FE0F
ğŸ’©,pile of poo,poop;shit;crap,Smileys & People,U+1F4A9
ğŸ¤¡,clown face,clown;circus;funny,Smileys & People,U+1F921
ğŸ‘¹,ogre,ogre;monster;japanese,Smileys & People,U+1F479
ğŸ‘º,goblin,goblin;monster;japanese,Smileys & People,U+1F47A
ğŸ‘»,ghost,ghost;spirit;halloween,Smileys & People,U+1F47B
ğŸ‘½,alien,alien;ufo;extraterrestrial,Smileys & People,U+1F47D
ğŸ‘¾,alien monster,alien;monster;game,Smileys & People,U+1F47E
ğŸ¤–,robot,robot;ai;artificial,Smileys & People,U+1F916
ğŸ˜º,grinning cat,cat;happy;smile,Smileys & People,U+1F63A
ğŸ˜¸,grinning cat with smiling eyes,cat;happy;smile,Smileys & People,U+1F638
ğŸ˜¹,cat with tears of joy,cat;laugh;tears,Smileys & People,U+1F639
ğŸ˜»,smiling cat with heart-eyes,cat;love;heart,Smileys & People,U+1F63B
ğŸ˜¼,cat with wry smile,cat;smirk;sly,Smileys & People,U+1F63C
ğŸ˜½,kissing cat,cat;kiss;love,Smileys & People,U+1F63D
ğŸ™€,weary cat,cat;scared;surprised,Smileys & People,U+1F640
ğŸ˜¿,crying cat,cat;cry;sad,Smileys & People,U+1F63F
ğŸ˜¾,pouting cat,cat;angry;mad,Smileys & People,U+1F63E
ğŸ‘‹,waving hand,wave;hello;goodbye;hi,Smileys & People,U+1F44B
ğŸ¤š,raised back of hand,hand;stop;high five,Smileys & People,U+1F91A
ğŸ–ï¸,hand with fingers splayed,hand;five;stop,Smileys & People,U+1F590 U+FE0F
âœ‹,raised hand,hand;stop;high five,Smileys & People,U+270B
ğŸ––,vulcan salute,spock;star trek;vulcan,Smileys & People,U+1F596
ğŸ«±,rightwards hand,hand;right;handshake,Smileys & People,U+1FAF1
ğŸ«²,leftwards hand,hand;left;handshake,Smileys & People,U+1FAF2
ğŸ«³,palm down hand,hand;palm;down,Smileys & People,U+1FAF3
ğŸ«´,palm up hand,hand;palm;up;offer,Smileys & People,U+1FAF4
ğŸ‘Œ,OK hand,ok;okay;perfect;good,Smileys & People,U+1F44C
ğŸ¤Œ,pinched fingers,italian;chef kiss;perfect,Smileys & People,U+1F90C
ğŸ¤,pinching hand,small;tiny;little,Smileys & People,U+1F90F
âœŒï¸,victory hand,peace;victory;two,Smileys & People,U+270C U+FE0F
ğŸ¤,crossed fingers,luck;hope;wish,Smileys & People,U+1F91E
ğŸ«°,hand with index finger and thumb crossed,heart;love;money,Smileys & People,U+1FAF0
ğŸ¤Ÿ,love-you gesture,love;you;ily,Smileys & People,U+1F91F
ğŸ¤˜,sign of the horns,rock;metal;devil,Smileys & People,U+1F918
ğŸ¤™,call me hand,call;phone;hang loose,Smileys & People,U+1F919
ğŸ‘ˆ,backhand index pointing left,point;left;direction,Smileys & People,U+1F448
ğŸ‘‰,backhand index pointing right,point;right;direction,Smileys & People,U+1F449
ğŸ‘†,backhand index pointing up,point;up;direction,Smileys & People,U+1F446
ğŸ–•,middle finger,middle finger;rude;offensive,Smileys & People,U+1F595
ğŸ‘‡,backhand index pointing down,point;down;direction,Smileys & People,U+1F447
â˜ï¸,index pointing up,point;up;one,Smileys & People,U+261D U+FE0F
ğŸ«µ,index pointing at the viewer,point;you;finger,Smileys & People,U+1FAF5
ğŸ‘,thumbs up,thumbs up;good;yes;like,Smileys & People,U+1F44D
ğŸ‘,thumbs down,thumbs down;bad;no;dislike,Smileys & People,U+1F44E
âœŠ,raised fist,fist;power;strength,Smileys & People,U+270A
ğŸ‘Š,oncoming fist,fist;punch;bump,Smileys & People,U+1F44A
ğŸ¤›,left-facing fist,fist;bump;left,Smileys & People,U+1F91B
ğŸ¤œ,right-facing fist,fist;bump;right,Smileys & People,U+1F91C
ğŸ‘,clapping hands,clap;applause;bravo;good job,Smileys & People,U+1F44F
ğŸ™Œ,raising hands,praise;celebration;hooray,Smileys & People,U+1F64C
ğŸ«¶,heart hands,love;heart;support,Smileys & People,U+1FAF6
ğŸ‘,open hands,open;hug;jazz hands,Smileys & People,U+1F450
ğŸ¤²,palms up together,prayer;please;hope,Smileys & People,U+1F932
ğŸ¤,handshake,handshake;deal;agreement,Smileys & People,U+1F91D
ğŸ™,folded hands,prayer;please;thank you;namaste,Smileys & People,U+1F64F
âœï¸,writing hand,write;writing;author,Smileys & People,U+270D U+FE0F
ğŸ’…,nail polish,nail;polish;beauty;manicure,Smileys & People,U+1F485
ğŸ¤³,selfie,selfie;camera;phone,Smileys & People,U+1F933
ğŸ’ª,flexed biceps,muscle;strong;strength,Smileys & People,U+1F4AA
ğŸ¦¾,mechanical arm,prosthetic;mechanical;robot,Smileys & People,U+1F9BE
ğŸ¦¿,mechanical leg,prosthetic;mechanical;robot,Smileys & People,U+1F9BF
ğŸ¦µ,leg,leg;limb;kick,Smileys & People,U+1F9B5
ğŸ¦¶,foot,foot;kick;stomp,Smileys & People,U+1F9B6
ğŸ‘‚,ear,ear;hear;listen,Smileys & People,U+1F442
ğŸ¦»,ear with hearing aid,ear;hearing aid;accessibility,Smileys & People,U+1F9BB
ğŸ‘ƒ,nose,nose;smell;sniff,Smileys & People,U+1F443
ğŸ§ ,brain,brain;smart;intelligent,Smileys & People,U+1F9E0
ğŸ«€,anatomical heart,heart;organ;medical,Smileys & People,U+1FAC0
ğŸ«,lungs,lungs;breathe;organ,Smileys & People,U+1FAC1
ğŸ¦·,tooth,tooth;dental;dentist,Smileys & People,U+1F9B7
ğŸ¦´,bone,bone;skeleton;dog,Smileys & People,U+1F9B4
ğŸ‘€,eyes,eyes;look;watch,Smileys & People,U+1F440
ğŸ‘ï¸,eye,eye;look;see,Smileys & People,U+1F441 U+FE0F
ğŸ‘…,tongue,tongue;taste;lick,Smileys & People,U+1F445
ğŸ‘„,mouth,mouth;lips;kiss,Smileys & People,U+1F444
ğŸ«¦,biting lip,lip;bite;flirt,Smileys & People,U+1FAE6
ğŸ¶,dog face,dog;puppy;pet;animal,Animals & Nature,U+1F436
ğŸ±,cat face,cat;kitten;pet;animal,Animals & Nature,U+1F431
ğŸ­,mouse face,mouse;animal;rodent,Animals & Nature,U+1F42D
ğŸ¹,hamster,hamster;pet;animal,Animals & Nature,U+1F439
ğŸ°,rabbit face,rabbit;bunny;animal,Animals & Nature,U+1F430
ğŸ¦Š,fox,fox;animal;clever,Animals & Nature,U+1F98A
ğŸ»,bear,bear;animal;teddy,Animals & Nature,U+1F43B
ğŸ¼,panda,panda;animal;cute,Animals & Nature,U+1F43C
ğŸ»â€â„ï¸,polar bear,polar bear;white;arctic,Animals & Nature,U+1F43B U+200D U+2744 U+FE0F
ğŸ¨,koala,koala;animal;australia,Animals & Nature,U+1F428
ğŸ¯,tiger face,tiger;animal;cat,Animals & Nature,U+1F42F
ğŸ¦,lion,lion;animal;king,Animals & Nature,U+1F981
ğŸ®,cow face,cow;animal;moo,Animals & Nature,U+1F42E
ğŸ·,pig face,pig;animal;oink,Animals & Nature,U+1F437
ğŸ½,pig nose,pig;nose;snout,Animals & Nature,U+1F43D
ğŸ¸,frog,frog;animal;amphibian,Animals & Nature,U+1F438
ğŸµ,monkey face,monkey;animal;primate,Animals & Nature,U+1F435
ğŸ™ˆ,see-no-evil monkey,monkey;see no evil;blind,Animals & Nature,U+1F648
ğŸ™‰,hear-no-evil monkey,monkey;hear no evil;deaf,Animals & Nature,U+1F649
ğŸ™Š,speak-no-evil monkey,monkey;speak no evil;mute,Animals & Nature,U+1F64A
ğŸ’,monkey,monkey;animal;banana,Animals & Nature,U+1F412
ğŸ¦,gorilla,gorilla;animal;strong,Animals & Nature,U+1F98D
ğŸ¦§,orangutan,orangutan;animal;ape,Animals & Nature,U+1F9A7
ğŸ•,dog,dog;animal;pet,Animals & Nature,U+1F415
ğŸ©,poodle,poodle;dog;fancy,Animals & Nature,U+1F429
ğŸ¦®,guide dog,guide dog;blind;service,Animals & Nature,U+1F9AE
ğŸ•â€ğŸ¦º,service dog,service dog;assistance;working,Animals & Nature,U+1F415 U+200D U+1F9BA
ğŸº,wolf,wolf;animal;wild,Animals & Nature,U+1F43A
ğŸ¦,raccoon,raccoon;animal;trash,Animals & Nature,U+1F99D
ğŸˆ,cat,cat;animal;pet,Animals & Nature,U+1F408
ğŸˆâ€â¬›,black cat,black cat;superstition;halloween,Animals & Nature,U+1F408 U+200D U+2B1B
ğŸ…,tiger,tiger;animal;stripes,Animals & Nature,U+1F405
ğŸ†,leopard,leopard;spots;big cat,Animals & Nature,U+1F406
ğŸ´,horse face,horse;animal;racing,Animals & Nature,U+1F434
ğŸ«,moose,moose;antlers;canada,Animals & Nature,U+1FACE
ğŸ«,donkey,donkey;stubborn;animal,Animals & Nature,U+1FACF
ğŸ,horse,horse;racing;gallop,Animals & Nature,U+1F40E
ğŸ¦„,unicorn,unicorn;magical;horn,Animals & Nature,U+1F984
ğŸ¦“,zebra,zebra;stripes;africa,Animals & Nature,U+1F993
ğŸ¦Œ,deer,deer;antlers;forest,Animals & Nature,U+1F98C
ğŸ¦¬,bison,bison;buffalo;american,Animals & Nature,U+1F9AC
ğŸ‚,ox,ox;bull;strong,Animals & Nature,U+1F402
ğŸƒ,water buffalo,buffalo;water;asia,Animals & Nature,U+1F403
ğŸ„,cow,cow;dairy;farm,Animals & Nature,U+1F404
ğŸ–,pig,pig;farm;bacon,Animals & Nature,U+1F416
ğŸ—,boar,boar;wild;tusks,Animals & Nature,U+1F417
ğŸ,ram,ram;sheep;horns,Animals & Nature,U+1F40F
ğŸ‘,ewe,sheep;wool;farm,Animals & Nature,U+1F411
ğŸ,goat,goat;farm;horns,Animals & Nature,U+1F410
ğŸª,camel,camel;desert;hump,Animals & Nature,U+1F42A
ğŸ«,two-hump camel,camel;bactrian;desert,Animals & Nature,U+1F42B
ğŸ¦™,llama,llama;alpaca;wool,Animals & Nature,U+1F999
ğŸ¦’,giraffe,giraffe;tall;neck,Animals & Nature,U+1F992
ğŸ˜,elephant,elephant;trunk;memory,Animals & Nature,U+1F418
ğŸ¦£,mammoth,mammoth;extinct;ice age,Animals & Nature,U+1F9A3
ğŸ¦,rhinoceros,rhino;horn;africa,Animals & Nature,U+1F98F
ğŸ¦›,hippopotamus,hippo;water;africa,Animals & Nature,U+1F99B
ğŸ,mouse,mouse;rodent;small,Animals & Nature,U+1F401
ğŸ€,rat,rat;rodent;sewer,Animals & Nature,U+1F400
ğŸ‡,rabbit,rabbit;bunny;hop,Animals & Nature,U+1F407
ğŸ¿ï¸,chipmunk,chipmunk;squirrel;nuts,Animals & Nature,U+1F43F U+FE0F
ğŸ¦«,beaver,beaver;dam;wood,Animals & Nature,U+1F9AB
ğŸ¦”,hedgehog,hedgehog;spikes;cute,Animals & Nature,U+1F994
ğŸ¦‡,bat,bat;vampire;night,Animals & Nature,U+1F987
ğŸ¦¥,sloth,sloth;slow;lazy,Animals & Nature,U+1F9A5
ğŸ¦¦,otter,otter;water;playful,Animals & Nature,U+1F9A6
ğŸ¦¨,skunk,skunk;smell;stripe,Animals & Nature,U+1F9A8
ğŸ¦˜,kangaroo,kangaroo;hop;australia,Animals & Nature,U+1F998
ğŸ¦¡,badger,badger;honey;dig,Animals & Nature,U+1F9A1
ğŸ¾,paw prints,paw;prints;animal,Animals & Nature,U+1F43E
ğŸ¦ƒ,turkey,turkey;thanksgiving;bird,Animals & Nature,U+1F983
ğŸ”,chicken,chicken;rooster;farm,Animals & Nature,U+1F414
ğŸ“,rooster,rooster;cock;morning,Animals & Nature,U+1F413
ğŸ£,hatching chick,chick;hatching;egg,Animals & Nature,U+1F423
ğŸ¤,baby chick,chick;baby;yellow,Animals & Nature,U+1F424
ğŸ¥,front-facing baby chick,chick;baby;cute,Animals & Nature,U+1F425
ğŸ¦,bird,bird;fly;tweet,Animals & Nature,U+1F426
ğŸ§,penguin,penguin;antarctica;cold,Animals & Nature,U+1F427
ğŸ•Šï¸,dove,dove;peace;white,Animals & Nature,U+1F54A U+FE0F
ğŸ¦…,eagle,eagle;america;freedom,Animals & Nature,U+1F985
ğŸ¦†,duck,duck;quack;water,Animals & Nature,U+1F986
ğŸ¦¢,swan,swan;elegant;white,Animals & Nature,U+1F9A2
ğŸ¦‰,owl,owl;wise;night,Animals & Nature,U+1F989
ğŸ¦¤,dodo,dodo;extinct;mauritius,Animals & Nature,U+1F9A4
ğŸª¶,feather,feather;bird;light,Animals & Nature,U+1FAB6
ğŸ¦©,flamingo,flamingo;pink;tropical,Animals & Nature,U+1F9A9
ğŸ¦œ,parrot,parrot;colorful;talk,Animals & Nature,U+1F99C
ğŸª½,wing,wing;bird;fly,Animals & Nature,U+1FABD
ğŸ¦â€â¬›,black bird,blackbird;crow;raven,Animals & Nature,U+1F426 U+200D U+2B1B
ğŸ¦â€ğŸ”¥,phoenix,phoenix;fire;mythical,Animals & Nature,U+1F426 U+200D U+1F525
ğŸŠ,crocodile,crocodile;alligator;reptile,Animals & Nature,U+1F40A
ğŸ¢,turtle,turtle;slow;shell,Animals & Nature,U+1F422
ğŸ¦,lizard,lizard;gecko;reptile,Animals & Nature,U+1F98E
ğŸ,snake,snake;serpent;slither,Animals & Nature,U+1F40D
ğŸ²,dragon face,dragon;mythical;fire,Animals & Nature,U+1F432
ğŸ‰,dragon,dragon;chinese;mythical,Animals & Nature,U+1F409
ğŸ¦•,sauropod,dinosaur;long neck;extinct,Animals & Nature,U+1F995
ğŸ¦–,T-Rex,dinosaur;t-rex;extinct,Animals & Nature,U+1F996
ğŸ³,spouting whale,whale;ocean;big,Animals & Nature,U+1F433
ğŸ‹,whale,whale;ocean;mammal,Animals & Nature,U+1F40B
ğŸ¬,dolphin,dolphin;smart;ocean,Animals & Nature,U+1F42C
ğŸ¦­,seal,seal;ocean;cute,Animals & Nature,U+1F9AD
ğŸŸ,fish,fish;ocean;swim,Animals & Nature,U+1F41F
ğŸ ,tropical fish,fish;tropical;colorful,Animals & Nature,U+1F420
ğŸ¡,blowfish,blowfish;puffer;spiky,Animals & Nature,U+1F421
ğŸ¦ˆ,shark,shark;dangerous;ocean,Animals & Nature,U+1F988
ğŸ™,octopus,octopus;tentacles;smart,Animals & Nature,U+1F419
ğŸš,spiral shell,shell;ocean;spiral,Animals & Nature,U+1F41A
ğŸª¸,coral,coral;reef;ocean,Animals & Nature,U+1FAB8
ğŸª¼,jellyfish,jellyfish;sting;ocean,Animals & Nature,U+1FABC
ğŸŒ,snail,snail;slow;shell,Animals & Nature,U+1F40C
ğŸ¦‹,butterfly,butterfly;beautiful;metamorphosis,Animals & Nature,U+1F98B
ğŸ›,bug,bug;insect;caterpillar,Animals & Nature,U+1F41B
ğŸœ,ant,ant;work;colony,Animals & Nature,U+1F41C
ğŸ,honeybee,bee;honey;buzz,Animals & Nature,U+1F41D
ğŸª²,beetle,beetle;bug;hard shell,Animals & Nature,U+1FAB2
ğŸ,lady beetle,ladybug;red;spots,Animals & Nature,U+1F41E
ğŸ¦—,cricket,cricket;chirp;night,Animals & Nature,U+1F997
ğŸª³,cockroach,cockroach;pest;gross,Animals & Nature,U+1FAB3
ğŸ•·ï¸,spider,spider;web;eight legs,Animals & Nature,U+1F577 U+FE0F
ğŸ•¸ï¸,spider web,web;spider;trap,Animals & Nature,U+1F578 U+FE0F
ğŸ¦‚,scorpion,scorpion;sting;desert,Animals & Nature,U+1F982
ğŸ¦Ÿ,mosquito,mosquito;bite;annoying,Animals & Nature,U+1F99F
ğŸª°,fly,fly;pest;buzz,Animals & Nature,U+1FAB0
ğŸª±,worm,worm;earth;soil,Animals & Nature,U+1FAB1
ğŸ¦ ,microbe,microbe;virus;bacteria,Animals & Nature,U+1F9A0
ğŸ’,bouquet,flowers;bouquet;gift,Animals & Nature,U+1F490
ğŸŒ¸,cherry blossom,cherry;blossom;spring,Animals & Nature,U+1F338
ğŸ’®,white flower,flower;white;japanese,Animals & Nature,U+1F4AE
ğŸª·,lotus,lotus;meditation;water,Animals & Nature,U+1FAB7
ğŸµï¸,rosette,rosette;flower;decoration,Animals & Nature,U+1F3F5 U+FE0F
ğŸŒ¹,rose,rose;love;red,Animals & Nature,U+1F339
ğŸ¥€,wilted flower,wilted;dead;sad,Animals & Nature,U+1F940
ğŸŒº,hibiscus,hibiscus;tropical;hawaii,Animals & Nature,U+1F33A
ğŸŒ»,sunflower,sunflower;yellow;big,Animals & Nature,U+1F33B
ğŸŒ¼,blossom,blossom;flower;spring,Animals & Nature,U+1F33C
ğŸŒ·,tulip,tulip;netherlands;spring,Animals & Nature,U+1F337
ğŸª»,hyacinth,hyacinth;purple;spring,Animals & Nature,U+1FABB
ğŸŒ±,seedling,seedling;plant;growth,Animals & Nature,U+1F331
ğŸª´,potted plant,plant;pot;houseplant,Animals & Nature,U+1FAB4
ğŸŒ²,evergreen tree,tree;evergreen;pine,Animals & Nature,U+1F332
ğŸŒ³,deciduous tree,tree;deciduous;leaves,Animals & Nature,U+1F333
ğŸŒ´,palm tree,palm;tropical;beach,Animals & Nature,U+1F334
ğŸŒµ,cactus,cactus;desert;spiky,Animals & Nature,U+1F335
ğŸŒ¾,sheaf of rice,rice;grain;harvest,Animals & Nature,U+1F33E
ğŸŒ¿,herb,herb;leaf;green,Animals & Nature,U+1F33F
â˜˜ï¸,shamrock,shamrock;irish;luck,Animals & Nature,U+2618 U+FE0F
ğŸ€,four leaf clover,clover;luck;rare,Animals & Nature,U+1F340
ğŸ,maple leaf,maple;autumn;canada,Animals & Nature,U+1F341
ğŸ‚,fallen leaves,leaves;autumn;fall,Animals & Nature,U+1F342
ğŸƒ,leaf fluttering in wind,leaf;wind;nature,Animals & Nature,U+1F343
ğŸª¹,empty nest,nest;empty;bird,Animals & Nature,U+1FAB9
ğŸªº,nest with eggs,nest;eggs;bird,Animals & Nature,U+1FABA
ğŸ„,mushroom,mushroom;fungi;red,Animals & Nature,U+1F344
ğŸ,red apple,apple;fruit;red;healthy,Food & Drink,U+1F34E
ğŸ,green apple,apple;fruit;green;sour,Food & Drink,U+1F34F
ğŸ,pear,pear;fruit;green,Food & Drink,U+1F350
ğŸŠ,tangerine,orange;fruit;citrus,Food & Drink,U+1F34A
ğŸ‹,lemon,lemon;fruit;citrus;sour,Food & Drink,U+1F34B
ğŸŒ,banana,banana;fruit;yellow,Food & Drink,U+1F34C
ğŸ‰,watermelon,watermelon;fruit;summer,Food & Drink,U+1F349
ğŸ‡,grapes,grapes;fruit;wine,Food & Drink,U+1F347
ğŸ“,strawberry,strawberry;fruit;berry,Food & Drink,U+1F353
ğŸ«,blueberries,blueberry;fruit;healthy,Food & Drink,U+1FAD0
ğŸˆ,melon,melon;cantaloupe;fruit,Food & Drink,U+1F348
ğŸ’,cherries,cherry;fruit;red,Food & Drink,U+1F352
ğŸ‘,peach,peach;fruit;butt,Food & Drink,U+1F351
ğŸ¥­,mango,mango;fruit;tropical,Food & Drink,U+1F96D
ğŸ,pineapple,pineapple;fruit;tropical,Food & Drink,U+1F34D
ğŸ¥¥,coconut,coconut;fruit;tropical,Food & Drink,U+1F965
ğŸ¥,kiwi fruit,kiwi;fruit;green,Food & Drink,U+1F95D
ğŸ…,tomato,tomato;vegetable;red,Food & Drink,U+1F345
ğŸ†,eggplant,eggplant;vegetable;purple,Food & Drink,U+1F346
ğŸ¥‘,avocado,avocado;fruit;green;healthy,Food & Drink,U+1F951
ğŸ¥¦,broccoli,broccoli;vegetable;green;healthy,Food & Drink,U+1F966
ğŸ¥¬,leafy greens,lettuce;leafy;salad,Food & Drink,U+1F96C
ğŸ¥’,cucumber,cucumber;vegetable;green,Food & Drink,U+1F952
ğŸŒ¶ï¸,hot pepper,pepper;hot;spicy,Food & Drink,U+1F336 U+FE0F
ğŸ«‘,bell pepper,bell pepper;vegetable;colorful,Food & Drink,U+1FAD1
ğŸŒ½,ear of corn,corn;vegetable;yellow,Food & Drink,U+1F33D
ğŸ¥•,carrot,carrot;vegetable;orange,Food & Drink,U+1F955
ğŸ«’,olive,olive;mediterranean;oil,Food & Drink,U+1FAD2
ğŸ§„,garlic,garlic;cooking;flavor,Food & Drink,U+1F9C4
ğŸ§…,onion,onion;cooking;cry,Food & Drink,U+1F9C5
ğŸ¥”,potato,potato;vegetable;starch,Food & Drink,U+1F954
ğŸ ,roasted sweet potato,sweet potato;roasted;orange,Food & Drink,U+1F360
ğŸ«˜,beans,beans;legumes;protein,Food & Drink,U+1FAD8
ğŸ¥,croissant,croissant;french;pastry,Food & Drink,U+1F950
ğŸ¥¯,bagel,bagel;bread;breakfast,Food & Drink,U+1F96F
ğŸ,bread,bread;loaf;carbs,Food & Drink,U+1F35E
ğŸ¥–,baguette bread,baguette;bread;french,Food & Drink,U+1F956
ğŸ¥¨,pretzel,pretzel;twisted;salt,Food & Drink,U+1F968
ğŸ§€,cheese wedge,cheese;dairy;yellow,Food & Drink,U+1F9C0
ğŸ¥š,egg,egg;protein;breakfast,Food & Drink,U+1F95A
ğŸ³,cooking,cooking;egg;frying pan,Food & Drink,U+1F373
ğŸ§ˆ,butter,butter;dairy;spread,Food & Drink,U+1F9C8
ğŸ¥,pancakes,pancakes;breakfast;syrup,Food & Drink,U+1F95E
ğŸ§‡,waffle,waffle;breakfast;syrup,Food & Drink,U+1F9C7
ğŸ¥“,bacon,bacon;meat;breakfast,Food & Drink,U+1F953
ğŸ¥©,cut of meat,meat;steak;protein,Food & Drink,U+1F969
ğŸ—,poultry leg,chicken;meat;drumstick,Food & Drink,U+1F357
ğŸ–,meat on bone,meat;bone;steak,Food & Drink,U+1F356
ğŸŒ­,hot dog,hot dog;sausage;fast food,Food & Drink,U+1F32D
ğŸ”,hamburger,burger;hamburger;fast food,Food & Drink,U+1F354
ğŸŸ,french fries,fries;french fries;fast food,Food & Drink,U+1F35F
ğŸ•,pizza,pizza;italian;cheese,Food & Drink,U+1F355
ğŸ«“,flatbread,flatbread;naan;pita,Food & Drink,U+1FAD3
ğŸ¥ª,sandwich,sandwich;bread;lunch,Food & Drink,U+1F96A
ğŸ¥™,stuffed flatbread,pita;falafel;middle eastern,Food & Drink,U+1F959
ğŸ§†,falafel,falafel;middle eastern;chickpea,Food & Drink,U+1F9C6
ğŸŒ®,taco,taco;mexican;food,Food & Drink,U+1F32E
ğŸŒ¯,burrito,burrito;mexican;wrap,Food & Drink,U+1F32F
ğŸ«”,tamale,tamale;mexican;corn,Food & Drink,U+1FAD4
ğŸ¥—,green salad,salad;healthy;vegetables,Food & Drink,U+1F957
ğŸ¥˜,shallow pan of food,paella;pan;spanish,Food & Drink,U+1F958
ğŸ«•,fondue,fondue;cheese;swiss,Food & Drink,U+1FAD5
ğŸ¥«,canned food,can;food;preserved,Food & Drink,U+1F96B
ğŸ,spaghetti,pasta;spaghetti;italian,Food & Drink,U+1F35D
ğŸœ,steaming bowl,ramen;noodles;soup,Food & Drink,U+1F35C
ğŸ²,pot of food,stew;pot;cooking,Food & Drink,U+1F372
ğŸ›,curry rice,curry;rice;indian,Food & Drink,U+1F35B
ğŸ£,sushi,sushi;japanese;fish,Food & Drink,U+1F363
ğŸ±,bento box,bento;japanese;lunch,Food & Drink,U+1F371
ğŸ¥Ÿ,dumpling,dumpling;chinese;steamed,Food & Drink,U+1F95F
ğŸ¦ª,oyster,oyster;seafood;shell,Food & Drink,U+1F9AA
ğŸ¤,fried shrimp,shrimp;seafood;fried,Food & Drink,U+1F364
ğŸ™,rice ball,rice ball;japanese;onigiri,Food & Drink,U+1F359
ğŸš,cooked rice,rice;cooked;grain,Food & Drink,U+1F35A
ğŸ˜,rice cracker,rice cracker;japanese;snack,Food & Drink,U+1F358
ğŸ¥,fish cake with swirl,fish cake;japanese;narutomaki,Food & Drink,U+1F365
ğŸ¥ ,fortune cookie,fortune cookie;chinese;luck,Food & Drink,U+1F960
ğŸ¥®,moon cake,moon cake;chinese;festival,Food & Drink,U+1F96E
ğŸ¢,oden,oden;japanese;skewer,Food & Drink,U+1F362
ğŸ¡,dango,dango;japanese;sweet,Food & Drink,U+1F361
ğŸ§,shaved ice,shaved ice;dessert;cold,Food & Drink,U+1F367
ğŸ¨,ice cream,ice cream;dessert;cold,Food & Drink,U+1F368
ğŸ¦,soft ice cream,soft serve;ice cream;dessert,Food & Drink,U+1F366
ğŸ¥§,pie,pie;dessert;slice,Food & Drink,U+1F967
ğŸ§,cupcake,cupcake;dessert;sweet,Food & Drink,U+1F9C1
ğŸ°,shortcake,cake;dessert;birthday,Food & Drink,U+1F370
ğŸ‚,birthday cake,birthday;cake;celebration,Food & Drink,U+1F382
ğŸ®,custard,custard;pudding;dessert,Food & Drink,U+1F36E
ğŸ­,lollipop,lollipop;candy;sweet,Food & Drink,U+1F36D
ğŸ¬,candy,candy;sweet;sugar,Food & Drink,U+1F36C
ğŸ«,chocolate bar,chocolate;candy;sweet,Food & Drink,U+1F36B
ğŸ¿,popcorn,popcorn;movie;snack,Food & Drink,U+1F37F
ğŸ©,doughnut,donut;doughnut;sweet,Food & Drink,U+1F369
ğŸª,cookie,cookie;sweet;biscuit,Food & Drink,U+1F36A
ğŸŒ°,chestnut,chestnut;nut;autumn,Food & Drink,U+1F330
ğŸ¥œ,peanuts,peanuts;nuts;snack,Food & Drink,U+1F95C
ğŸ¯,honey pot,honey;sweet;bee,Food & Drink,U+1F36F
ğŸ¥›,glass of milk,milk;drink;dairy,Food & Drink,U+1F95B
ğŸ¼,baby bottle,bottle;baby;milk,Food & Drink,U+1F37C
ğŸ«–,teapot,teapot;tea;hot,Food & Drink,U+1FAD6
â˜•,hot beverage,coffee;tea;hot;drink,Food & Drink,U+2615
ğŸµ,teacup without handle,tea;green tea;drink,Food & Drink,U+1F375
ğŸ§ƒ,beverage box,juice box;drink;kids,Food & Drink,U+1F9C3
ğŸ¥¤,cup with straw,soda;drink;straw,Food & Drink,U+1F964
ğŸ§‹,bubble tea,bubble tea;boba;taiwan,Food & Drink,U+1F9CB
ğŸ§Š,ice,ice;cold;frozen,Food & Drink,U+1F9CA
ğŸ¶,sake,sake;japanese;alcohol,Food & Drink,U+1F376
ğŸ¾,bottle with popping cork,champagne;celebration;alcohol,Food & Drink,U+1F37E
ğŸ·,wine glass,wine;alcohol;drink,Food & Drink,U+1F377
ğŸ¸,cocktail glass,cocktail;martini;alcohol,Food & Drink,U+1F378
ğŸ¹,tropical drink,tropical;cocktail;vacation,Food & Drink,U+1F379
ğŸº,beer mug,beer;alcohol;drink,Food & Drink,U+1F37A
ğŸ»,clinking beer mugs,cheers;beer;celebration,Food & Drink,U+1F37B
ğŸ¥‚,clinking glasses,cheers;champagne;celebration,Food & Drink,U+1F942
ğŸ¥ƒ,tumbler glass,whiskey;alcohol;drink,Food & Drink,U+1F943
ğŸ«—,pouring liquid,pour;liquid;drink,Food & Drink,U+1FAD7
ğŸ¥¢,chopsticks,chopsticks;asian;eating,Food & Drink,U+1F962
ğŸ½ï¸,fork and knife with plate,plate;dining;restaurant,Food & Drink,U+1F37D U+FE0F
ğŸ´,fork and knife,fork;knife;cutlery,Food & Drink,U+1F374
ğŸ¥„,spoon,spoon;cutlery;eating,Food & Drink,U+1F944
ğŸ”ª,kitchen knife,knife;kitchen;cooking,Food & Drink,U+1F52A
ğŸ«™,jar,jar;container;preserve,Food & Drink,U+1FAD9
ğŸº,amphora,amphora;jar;ancient,Food & Drink,U+1F3FA
âš½,soccer ball,soccer;football;sport;ball,Activities,U+26BD
ğŸ€,basketball,basketball;sport;ball,Activities,U+1F3C0
ğŸˆ,american football,football;american;sport,Activities,U+1F3C8
âš¾,baseball,baseball;sport;ball,Activities,U+26BE
ğŸ¥,softball,softball;sport;ball,Activities,U+1F94E
ğŸ¾,tennis,tennis;sport;ball,Activities,U+1F3BE
ğŸ,volleyball,volleyball;sport;ball,Activities,U+1F3D0
ğŸ‰,rugby football,rugby;sport;ball,Activities,U+1F3C9
ğŸ¥,flying disc,frisbee;disc;sport,Activities,U+1F94F
ğŸ±,pool 8 ball,pool;billiards;8 ball,Activities,U+1F3B1
ğŸª€,yo-yo,yo-yo;toy;string,Activities,U+1FA80
ğŸ“,ping pong,ping pong;table tennis;sport,Activities,U+1F3D3
ğŸ¸,badminton,badminton;sport;racket,Activities,U+1F3F8
ğŸ’,ice hockey,hockey;ice;sport,Activities,U+1F3D2
ğŸ‘,field hockey,hockey;field;sport,Activities,U+1F3D1
ğŸ¥,lacrosse,lacrosse;sport;stick,Activities,U+1F94D
ğŸ,cricket game,cricket;sport;bat,Activities,U+1F3CF
ğŸªƒ,boomerang,boomerang;australia;return,Activities,U+1FA83
ğŸ¥…,goal net,goal;net;sport,Activities,U+1F945
â›³,flag in hole,golf;sport;hole,Activities,U+26F3
ğŸª,kite,kite;fly;wind,Activities,U+1FA81
ğŸ¹,bow and arrow,archery;bow;arrow,Activities,U+1F3F9
ğŸ£,fishing pole,fishing;pole;hobby,Activities,U+1F3A3
ğŸ¤¿,diving mask,diving;mask;underwater,Activities,U+1F93F
ğŸ¥Š,boxing glove,boxing;glove;fight,Activities,U+1F94A
ğŸ¥‹,martial arts uniform,karate;martial arts;uniform,Activities,U+1F94B
ğŸ½,running shirt,running;shirt;marathon,Activities,U+1F3BD
ğŸ›¹,skateboard,skateboard;skate;sport,Activities,U+1F6F9
ğŸ›·,sled,sled;snow;winter,Activities,U+1F6F7
â›¸ï¸,ice skate,ice skating;skate;winter,Activities,U+26F8 U+FE0F
ğŸ¥Œ,curling stone,curling;stone;winter,Activities,U+1F94C
ğŸ¿,skis,skiing;ski;winter,Activities,U+1F3BF
â›·ï¸,skier,skiing;skier;winter,Activities,U+26F7 U+FE0F
ğŸ‚,snowboarder,snowboard;winter;sport,Activities,U+1F3C2
ğŸª‚,parachute,parachute;skydiving;fall,Activities,U+1FA82
ğŸ‹ï¸â€â™€ï¸,woman lifting weights,weightlifting;woman;strong,Activities,U+1F3CB U+FE0F U+200D U+2640 U+FE0F
ğŸ‹ï¸,person lifting weights,weightlifting;gym;strong,Activities,U+1F3CB U+FE0F
ğŸ‹ï¸â€â™‚ï¸,man lifting weights,weightlifting;man;strong,Activities,U+1F3CB U+FE0F U+200D U+2642 U+FE0F
ğŸ¤¼â€â™€ï¸,women wrestling,wrestling;women;sport,Activities,U+1F93C U+200D U+2640 U+FE0F
ğŸ¤¼,people wrestling,wrestling;sport;fight,Activities,U+1F93C
ğŸ¤¼â€â™‚ï¸,men wrestling,wrestling;man;sport,Activities,U+1F93C U+200D U+2642 U+FE0F
ğŸ¤¸â€â™€ï¸,woman cartwheeling,cartwheel;woman;gymnastics,Activities,U+1F938 U+200D U+2640 U+FE0F
ğŸ¤¸,person cartwheeling,cartwheel;gymnastics;flip,Activities,U+1F938
ğŸ¤¸â€â™‚ï¸,man cartwheeling,cartwheel;man;gymnastics,Activities,U+1F938 U+200D U+2642 U+FE0F
â›¹ï¸â€â™€ï¸,woman bouncing ball,basketball;woman;dribble,Activities,U+26F9 U+FE0F U+200D U+2640 U+FE0F
â›¹ï¸,person bouncing ball,basketball;dribble;sport,Activities,U+26F9 U+FE0F
â›¹ï¸â€â™‚ï¸,man bouncing ball,basketball;man;dribble,Activities,U+26F9 U+FE0F U+200D U+2642 U+FE0F
ğŸ¤º,person fencing,fencing;sword;sport,Activities,U+1F93A
ğŸ¤¾â€â™€ï¸,woman playing handball,handball;woman;sport,Activities,U+1F93E U+200D U+2640 U+FE0F
ğŸ¤¾,person playing handball,handball;sport;ball,Activities,U+1F93E
ğŸ¤¾â€â™‚ï¸,man playing handball,handball;man;sport,Activities,U+1F93E U+200D U+2642 U+FE0F
ğŸŒï¸â€â™€ï¸,woman golfing,golf;woman;sport,Activities,U+1F3CC U+FE0F U+200D U+2640 U+FE0F
ğŸŒï¸,person golfing,golf;sport;swing,Activities,U+1F3CC U+FE0F
ğŸŒï¸â€â™‚ï¸,man golfing,golf;man;sport,Activities,U+1F3CC U+FE0F U+200D U+2642 U+FE0F
ğŸ‡,horse racing,horse;racing;jockey,Activities,U+1F3C7
ğŸ§˜â€â™€ï¸,woman in lotus position,yoga;meditation;woman,Activities,U+1F9D8 U+200D U+2640 U+FE0F
ğŸ§˜,person in lotus position,yoga;meditation;zen,Activities,U+1F9D8
ğŸ§˜â€â™‚ï¸,man in lotus position,yoga;meditation;man,Activities,U+1F9D8 U+200D U+2642 U+FE0F
ğŸ„â€â™€ï¸,woman surfing,surfing;woman;wave,Activities,U+1F3C4 U+200D U+2640 U+FE0F
ğŸ„,person surfing,surfing;wave;ocean,Activities,U+1F3C4
ğŸ„â€â™‚ï¸,man surfing,surfing;man;wave,Activities,U+1F3C4 U+200D U+2642 U+FE0F
ğŸŠâ€â™€ï¸,woman swimming,swimming;woman;pool,Activities,U+1F3CA U+200D U+2640 U+FE0F
ğŸŠ,person swimming,swimming;pool;water,Activities,U+1F3CA
ğŸŠâ€â™‚ï¸,man swimming,swimming;man;pool,Activities,U+1F3CA U+200D U+2642 U+FE0F
ğŸ¤½â€â™€ï¸,woman playing water polo,water polo;woman;sport,Activities,U+1F93D U+200D U+2640 U+FE0F
ğŸ¤½,person playing water polo,water polo;sport;water,Activities,U+1F93D
ğŸ¤½â€â™‚ï¸,man playing water polo,water polo;man;sport,Activities,U+1F93D U+200D U+2642 U+FE0F
ğŸš£â€â™€ï¸,woman rowing boat,rowing;woman;boat,Activities,U+1F6A3 U+200D U+2640 U+FE0F
ğŸš£,person rowing boat,rowing;boat;water,Activities,U+1F6A3
ğŸš£â€â™‚ï¸,man rowing boat,rowing;man;boat,Activities,U+1F6A3 U+200D U+2642 U+FE0F
ğŸ§—â€â™€ï¸,woman climbing,climbing;woman;rock,Activities,U+1F9D7 U+200D U+2640 U+FE0F
ğŸ§—,person climbing,climbing;rock;mountain,Activities,U+1F9D7
ğŸ§—â€â™‚ï¸,man climbing,climbing;man;rock,Activities,U+1F9D7 U+200D U+2642 U+FE0F
ğŸšµâ€â™€ï¸,woman mountain biking,mountain biking;woman;bike,Activities,U+1F6B5 U+200D U+2640 U+FE0F
ğŸšµ,person mountain biking,mountain biking;bike;sport,Activities,U+1F6B5
ğŸšµâ€â™‚ï¸,man mountain biking,mountain biking;man;bike,Activities,U+1F6B5 U+200D U+2642 U+FE0F
ğŸš´â€â™€ï¸,woman biking,biking;woman;bicycle,Activities,U+1F6B4 U+200D U+2640 U+FE0F
ğŸš´,person biking,biking;bicycle;sport,Activities,U+1F6B4
ğŸš´â€â™‚ï¸,man biking,biking;man;bicycle,Activities,U+1F6B4 U+200D U+2642 U+FE0F
ğŸ†,trophy,trophy;award;winner,Activities,U+1F3C6
ğŸ¥‡,1st place medal,gold;medal;first;winner,Activities,U+1F947
ğŸ¥ˆ,2nd place medal,silver;medal;second,Activities,U+1F948
ğŸ¥‰,3rd place medal,bronze;medal;third,Activities,U+1F949
ğŸ…,sports medal,medal;sport;award,Activities,U+1F3C5
ğŸ–ï¸,military medal,military;medal;honor,Activities,U+1F396 U+FE0F
ğŸµï¸,rosette,rosette;award;ribbon,Activities,U+1F3F5 U+FE0F
ğŸ—ï¸,reminder ribbon,ribbon;reminder;awareness,Activities,U+1F397 U+FE0F
ğŸ«,ticket,ticket;event;admission,Activities,U+1F3AB
ğŸŸï¸,admission tickets,tickets;admission;event,Activities,U+1F39F U+FE0F
ğŸª,circus tent,circus;tent;entertainment,Activities,U+1F3AA
ğŸ¤¹â€â™€ï¸,woman juggling,juggling;woman;circus,Activities,U+1F939 U+200D U+2640 U+FE0F
ğŸ¤¹,person juggling,juggling;circus;skill,Activities,U+1F939
ğŸ¤¹â€â™‚ï¸,man juggling,juggling;man;circus,Activities,U+1F939 U+200D U+2642 U+FE0F
ğŸ­,performing arts,theater;drama;masks,Activities,U+1F3AD
ğŸ©°,ballet shoes,ballet;dance;shoes,Activities,U+1FA70
ğŸ¨,artist palette,art;paint;palette,Activities,U+1F3A8
ğŸ¬,clapper board,movie;film;cinema,Activities,U+1F3AC
ğŸ¤,microphone,microphone;sing;karaoke,Activities,U+1F3A4
ğŸ§,headphone,headphones;music;listen,Activities,U+1F3A7
ğŸ¼,musical score,music;notes;score,Activities,U+1F3BC
ğŸµ,musical note,music;note;sound,Activities,U+1F3B5
ğŸ¶,musical notes,music;notes;sound,Activities,U+1F3B6
ğŸ¥,drum,drum;music;beat,Activities,U+1F941
ğŸª˜,long drum,drum;long;music,Activities,U+1FA98
ğŸ¹,musical keyboard,piano;keyboard;music,Activities,U+1F3B9
ğŸ·,saxophone,saxophone;music;jazz,Activities,U+1F3B7
ğŸº,trumpet,trumpet;music;brass,Activities,U+1F3BA
ğŸª—,accordion,accordion;music;folk,Activities,U+1FA97
ğŸ¸,guitar,guitar;music;rock,Activities,U+1F3B8
ğŸª•,banjo,banjo;music;country,Activities,U+1FA95
ğŸ»,violin,violin;music;classical,Activities,U+1F3BB
ğŸ²,game die,dice;game;random,Activities,U+1F3B2
â™Ÿï¸,chess pawn,chess;pawn;strategy,Activities,U+265F U+FE0F
ğŸ¯,direct hit,target;bullseye;dart,Activities,U+1F3AF
ğŸ³,bowling,bowling;sport;pins,Activities,U+1F3B3
ğŸ®,video game,video game;controller;gaming,Activities,U+1F3AE
ğŸ°,slot machine,slot machine;gambling;casino,Activities,U+1F3B0
ğŸ§©,puzzle piece,puzzle;piece;jigsaw,Activities,U+1F9E9
ğŸš—,automobile,car;vehicle;drive,Travel & Places,U+1F697
ğŸš•,taxi,taxi;cab;yellow,Travel & Places,U+1F695
ğŸš™,sport utility vehicle,suv;car;vehicle,Travel & Places,U+1F699
ğŸšŒ,bus,bus;public transport;vehicle,Travel & Places,U+1F68C
ğŸš,trolleybus,trolley;bus;transport,Travel & Places,U+1F68E
ğŸï¸,racing car,race car;fast;speed,Travel & Places,U+1F3CE U+FE0F
ğŸš“,police car,police;cop;law,Travel & Places,U+1F693
ğŸš‘,ambulance,ambulance;emergency;medical,Travel & Places,U+1F691
ğŸš’,fire engine,fire truck;emergency;firefighter,Travel & Places,U+1F692
ğŸš,minibus,minibus;van;transport,Travel & Places,U+1F690
ğŸ›»,pickup truck,pickup;truck;vehicle,Travel & Places,U+1F6FB
ğŸšš,delivery truck,truck;delivery;transport,Travel & Places,U+1F69A
ğŸš›,articulated lorry,truck;semi;transport,Travel & Places,U+1F69B
ğŸšœ,tractor,tractor;farm;agriculture,Travel & Places,U+1F69C
ğŸï¸,motorcycle,motorcycle;bike;motor,Travel & Places,U+1F3CD U+FE0F
ğŸ›µ,motor scooter,scooter;motor;vespa,Travel & Places,U+1F6F5
ğŸš²,bicycle,bike;bicycle;cycle,Travel & Places,U+1F6B2
ğŸ›´,kick scooter,scooter;kick;ride,Travel & Places,U+1F6F4
ğŸ›¹,skateboard,skateboard;skate;board,Travel & Places,U+1F6F9
ğŸ›¼,roller skate,roller skate;retro;wheels,Travel & Places,U+1F6FC
ğŸš,helicopter,helicopter;chopper;fly,Travel & Places,U+1F681
ğŸ›¸,flying saucer,ufo;alien;spaceship,Travel & Places,U+1F6F8
âœˆï¸,airplane,airplane;plane;fly;travel,Travel & Places,U+2708 U+FE0F
ğŸ›©ï¸,small airplane,small plane;airplane;fly,Travel & Places,U+1F6E9 U+FE0F
ğŸ›«,airplane departure,takeoff;departure;fly,Travel & Places,U+1F6EB
ğŸ›¬,airplane arrival,landing;arrival;fly,Travel & Places,U+1F6EC
ğŸª‚,parachute,parachute;skydiving;fall,Travel & Places,U+1FA82
ğŸ’º,seat,seat;chair;airplane,Travel & Places,U+1F4BA
ğŸš€,rocket,rocket;space;launch,Travel & Places,U+1F680
ğŸ›°ï¸,satellite,satellite;space;communication,Travel & Places,U+1F6F0 U+FE0F
ğŸš‰,station,station;train;platform,Travel & Places,U+1F689
ğŸšŠ,tram,tram;streetcar;transport,Travel & Places,U+1F68A
ğŸš,monorail,monorail;train;transport,Travel & Places,U+1F69D
ğŸš,mountain railway,mountain train;railway;scenic,Travel & Places,U+1F69E
ğŸš‹,tram car,tram;streetcar;transport,Travel & Places,U+1F68B
ğŸšƒ,railway car,train;car;railway,Travel & Places,U+1F683
ğŸš„,high-speed train,bullet train;fast;japan,Travel & Places,U+1F684
ğŸš…,bullet train,bullet train;fast;shinkansen,Travel & Places,U+1F685
ğŸšˆ,light rail,light rail;train;transport,Travel & Places,U+1F688
ğŸš‚,locomotive,train;locomotive;steam,Travel & Places,U+1F682
ğŸš†,train,train;railway;transport,Travel & Places,U+1F686
ğŸš‡,metro,subway;metro;underground,Travel & Places,U+1F687
ğŸšŸ,suspension railway,suspension;railway;transport,Travel & Places,U+1F69F
ğŸš ,mountain cableway,cable car;mountain;transport,Travel & Places,U+1F6A0
ğŸš¡,aerial tramway,aerial;tramway;cable,Travel & Places,U+1F6A1
ğŸ›ï¸,bellhop bell,bell;hotel;service,Travel & Places,U+1F6CE U+FE0F
ğŸ§³,luggage,luggage;suitcase;travel,Travel & Places,U+1F9F3
âŒš,watch,watch;time;wrist,Objects,U+231A
ğŸ“±,mobile phone,phone;mobile;cell;smartphone,Objects,U+1F4F1
ğŸ“²,mobile phone with arrow,phone;call;incoming,Objects,U+1F4F2
ğŸ’»,laptop,laptop;computer;pc,Objects,U+1F4BB
âŒ¨ï¸,keyboard,keyboard;computer;type,Objects,U+2328 U+FE0F
ğŸ–¥ï¸,desktop computer,computer;desktop;monitor,Objects,U+1F5A5 U+FE0F
ğŸ–¨ï¸,printer,printer;print;office,Objects,U+1F5A8 U+FE0F
ğŸ–±ï¸,computer mouse,mouse;computer;click,Objects,U+1F5B1 U+FE0F
ğŸ–²ï¸,trackball,trackball;computer;mouse,Objects,U+1F5B2 U+FE0F
ğŸ•¹ï¸,joystick,joystick;game;controller,Objects,U+1F579 U+FE0F
ğŸ—œï¸,computer disk,disk;minidisc;storage,Objects,U+1F4BD
ğŸ’¾,floppy disk,floppy;disk;save,Objects,U+1F4BE
ğŸ’¿,optical disk,cd;disk;music,Objects,U+1F4BF
ğŸ“€,dvd,dvd;disk;movie,Objects,U+1F4C0
ğŸ“¼,videocassette,vhs;tape;video,Objects,U+1F4FC
ğŸ“·,camera,camera;photo;picture,Objects,U+1F4F7
ğŸ“¸,camera with flash,camera;flash;photo,Objects,U+1F4F8
ğŸ“¹,video camera,video;camera;record,Objects,U+1F4F9
ğŸ¥,movie camera,movie;film;camera,Objects,U+1F3A5
ğŸ“½ï¸,film projector,projector;film;movie,Objects,U+1F4FD U+FE0F
ğŸï¸,film frames,film;frames;movie,Objects,U+1F39E U+FE0F
ğŸ“,telephone receiver,phone;telephone;call,Objects,U+1F4DE
â˜ï¸,telephone,phone;telephone;old,Objects,U+260E U+FE0F
ğŸ“Ÿ,pager,pager;beeper;communication,Objects,U+1F4DF
ğŸ“ ,fax machine,fax;machine;office,Objects,U+1F4E0
ğŸ“º,television,tv;television;screen,Objects,U+1F4FA
ğŸ“»,radio,radio;music;broadcast,Objects,U+1F4FB
ğŸ™ï¸,studio microphone,microphone;studio;broadcast,Objects,U+1F399 U+FE0F
ğŸšï¸,level slider,slider;level;control,Objects,U+1F39A U+FE0F
ğŸ›ï¸,control knobs,knobs;control;mixer,Objects,U+1F39B U+FE0F
ğŸ§­,compass,compass;direction;navigation,Objects,U+1F9ED
â±ï¸,stopwatch,stopwatch;timer;time,Objects,U+23F1 U+FE0F
â²ï¸,timer clock,timer;clock;time,Objects,U+23F2 U+FE0F
â°,alarm clock,alarm;clock;wake up,Objects,U+23F0
ğŸ•°,mantelpiece clock,clock;mantle;time,Objects,U+1F570
âŒ›,hourglass done,hourglass;time;sand,Objects,U+231B
â³,hourglass not done,hourglass;time;waiting,Objects,U+23F3
ğŸ“¡,satellite antenna,satellite;antenna;communication,Objects,U+1F4E1
ğŸ”‹,battery,battery;power;energy,Objects,U+1F50B
ğŸ”Œ,electric plug,plug;electric;power,Objects,U+1F50C
ğŸ’¡,light bulb,bulb;light;idea,Objects,U+1F4A1
ğŸ”¦,flashlight,flashlight;torch;light,Objects,U+1F526
ğŸ•¯ï¸,candle,candle;light;flame,Objects,U+1F56F U+FE0F
ğŸª”,diya lamp,diya;lamp;oil,Objects,U+1FA94
ğŸ§¯,fire extinguisher,fire extinguisher;safety;emergency,Objects,U+1F9EF
ğŸ›¢ï¸,oil drum,oil;drum;barrel,Objects,U+1F6E2 U+FE0F
ğŸ’¸,money with wings,money;flying;expensive,Objects,U+1F4B8
ğŸ’µ,dollar banknote,dollar;money;cash,Objects,U+1F4B5
ğŸ’´,yen banknote,yen;money;japanese,Objects,U+1F4B4
ğŸ’¶,euro banknote,euro;money;european,Objects,U+1F4B6
ğŸ’·,pound banknote,pound;money;british,Objects,U+1F4B7
ğŸª™,coin,coin;money;currency,Objects,U+1FA99
ğŸ’°,money bag,money;bag;rich,Objects,U+1F4B0
ğŸ’³,credit card,credit card;payment;money,Objects,U+1F4B3
ğŸ’,gem stone,diamond;gem;precious,Objects,U+1F48E
â¤ï¸,red heart,love;heart;red,Symbols,U+2764 U+FE0F
ğŸ§¡,orange heart,love;heart;orange,Symbols,U+1F9E1
ğŸ’›,yellow heart,love;heart;yellow,Symbols,U+1F49B
ğŸ’š,green heart,love;heart;green,Symbols,U+1F49A
ğŸ’™,blue heart,love;heart;blue,Symbols,U+1F499
ğŸ’œ,purple heart,love;heart;purple,Symbols,U+1F49C
ğŸ–¤,black heart,love;heart;black,Symbols,U+1F5A4
ğŸ¤,white heart,love;heart;white,Symbols,U+1F90D
ğŸ¤,brown heart,love;heart;brown,Symbols,U+1F90E
ğŸ’”,broken heart,broken;heart;sad,Symbols,U+1F494
â£ï¸,heart exclamation,heart;exclamation,,
